ID,area,perimeter,equivalent_diameter,orientation,aspect_ratio,circularity,solidity,morphology_class
1,1189,209.70458146424488,38.90863424344407,-1.4982896741439133,5.240948204736784,0.3397628424046141,0.882702301410542,Deformed
2,2691,320.8528137423857,58.534499356211484,-1.4561538721964256,6.640038512078419,0.3284822125798908,0.8282548476454293,Deformed
3,2364,337.5746391493337,54.86290444147051,1.552766755825449,8.075048106042928,0.26068600228329425,0.7031528851873885,Deformed
4,2987,349.9898987322333,61.669818551086486,-1.1006899756537043,7.022454465752556,0.3064319652225058,0.8698311007571345,Deformed
5,398,74.62741699796953,22.511093682995384,-1.388207347212078,1.356807727264889,0.8980408988974528,0.9707317073170731,Small
6,485,87.59797974644667,24.849973424463737,1.1005490967276133,1.5332071656891177,0.7942613363292,0.9603960396039604,Small
7,423,77.94112549695429,23.207333483685147,-0.7133329234989265,1.1312406364517678,0.8750177958565797,0.950561797752809,Small
8,546,95.59797974644667,26.366433043273013,-1.2954539828648501,1.8911196102850298,0.7507668319161871,0.9680851063829787,Small
9,595,106.2842712474619,27.524126309792685,1.4543496354587193,2.8065005127151004,0.6618945902780407,0.9459459459459459,Small
10,848,116.91168824543142,32.85889733292062,1.3175984138900703,1.6051862527672442,0.7796323518638084,0.9422222222222222,Small
11,1945,204.30865786510142,49.7639519583191,0.6393342173891291,2.610456920990135,0.5855391365531639,0.9310674964097654,Deformed
12,565,96.91168824543142,26.821266613927218,-1.1079002182217939,1.9573314575138432,0.7559724928489199,0.9543918918918919,Small
13,3061,360.62846301849606,62.42904969991401,-1.312243348212708,5.988358615876603,0.2957693669229639,0.7027089072543617,Deformed
14,538,85.94112549695429,26.17255958188877,-1.2652680460481174,1.1721181339001396,0.9153560698636956,0.9711191335740073,Small
15,857,116.91168824543144,33.032806266468405,1.2425324665285729,1.677893109058414,0.7879067518246269,0.9564732142857143,Small
16,672,136.36753236814715,29.25093116572581,-1.0473682345884499,2.316745302467711,0.4541059302230712,0.897196261682243,Small
17,1167,158.30865786510142,38.54699143520717,-0.8352889232742402,3.017439533000231,0.5851556275897977,0.9411290322580645,Deformed
18,1197,165.78174593052023,39.039310125154486,1.5370055175064405,2.899536367733263,0.5473064876894677,0.8300970873786407,Small
19,1048,131.01219330881977,36.52882482208332,-1.4099598249103833,2.087100604383602,0.767269106456071,0.9676823638042474,Small
20,1615,163.9827560572969,45.34624421875849,1.4036957390948481,2.058254500849058,0.7547202939366857,0.9659090909090909,Normal
21,1407,155.09545442950497,42.32550105364819,-0.9223157979146923,2.111669692753182,0.7350312815699811,0.9610655737704918,Small
22,2355,245.45079348883237,54.758370390756774,-0.41372499233489135,3.783971371112114,0.49121531044504224,0.9469240048250904,Deformed
23,1552,186.42640687119285,44.45298385293132,-1.497219446639489,3.6937545333807367,0.5611600206961863,0.9639751552795031,Deformed
24,660,99.98275605729691,28.988585676524604,0.8023977364693741,1.6690449982338895,0.8296665703333045,0.9635036496350365,Small
25,877,121.53910524340094,33.416030295843605,1.1120785601229721,1.8391639405854916,0.7460662390989415,0.9419978517722879,Small
26,1283,156.40916292848976,40.41740139958547,-0.9605357057046723,2.584698588301064,0.6590405496992494,0.9596110695587136,Small
27,1942,282.97770542341357,49.725558778918575,-1.0868793762354139,5.563574416646278,0.304757672545513,0.7978635990139687,Deformed
28,1590,163.78174593052023,44.99389820996741,1.2902111928079514,2.041547542084997,0.7448623030374344,0.9671532846715328,Normal
29,1530,182.95331880577405,44.13679308065777,-1.3681999421602005,3.2011704802189063,0.5744083053029431,0.9250302297460702,Deformed
30,2408,258.651803615609,55.371119039823206,1.282939292040259,4.5560517921051185,0.45230909885945986,0.9300888373889533,Deformed
31,4691,436.1736649163069,77.28367682992734,1.1574205262248178,6.016052323693675,0.30985350712808923,0.7148735141725083,Deformed
32,947,125.49747468305833,34.72402408800281,-1.438193235750493,2.0380434974979944,0.7555963813390636,0.9556004036326943,Small
33,1781,191.58073580374355,47.61973991081141,1.200718328122779,2.8004299019086027,0.6097756946898343,0.9194630872483222,Deformed
34,3514,386.2914139223983,66.88919015954194,1.234301898416308,7.1444457686233775,0.2959249008378845,0.7903733693207378,Elongated
35,1217,153.39696961966996,39.36410199588825,1.4462173576721304,2.4198606499631907,0.6499304459834485,0.9082089552238806,Small
36,2462,327.62846301849606,55.98853238957037,1.240182724396269,5.351261979644064,0.28822700151789976,0.7657853810264386,Deformed
37,744,138.50966799187808,30.77808020788433,0.7900566040257179,3.1780127371731,0.48732941166550287,0.8387824126268321,Deformed
38,1603,201.06601717798213,45.177461086369895,0.3986561012525501,3.072533821321873,0.4982714869257689,0.8950307091010609,Deformed
39,1318,148.5685424949238,40.96498163017951,1.442122598412372,1.9966953563460779,0.750363237730615,0.9599417334304443,Small
40,1673,211.53910524340097,46.153328789394244,1.549401775831086,3.9822161397607387,0.46981240400512636,0.895610278372591,Deformed
41,5005,527.9482681718907,79.82834033975332,1.349948149569027,9.677054713636217,0.2256478535167681,0.7647058823529411,Elongated
42,2226,304.5929291125633,53.23749831256604,1.2396289189877734,6.616980362523483,0.3015056045149231,0.8451025056947609,Deformed
43,1628,173.98275605729688,45.528386516862696,1.532478319262167,2.268015362897268,0.6758523872517662,0.931350114416476,Deformed
44,1566,165.49747468305833,44.653030435293694,-1.4724809695961412,2.4697360436342293,0.7184869413861777,0.9660703269586675,Normal
45,1468,177.63961030678928,43.23327019404407,1.4376214106826521,3.0348770583385503,0.5845966146231484,0.9428387925497752,Deformed
46,1859,227.63961030678928,48.651334140624215,-1.4295041829005273,4.296961850515724,0.4508100474557151,0.9276447105788423,Deformed
47,1645,190.12489168102783,45.76547881416016,-0.17198274776200762,3.275037592644078,0.5718706488556301,0.9362549800796812,Deformed
48,2065,225.92388155425118,51.27611198090307,1.3030925177669248,3.637171856482583,0.5084001126184735,0.9399180700955849,Deformed
49,1563,191.53910524340094,44.610238829455504,-1.3151474006448531,3.5585056929503565,0.5353698791825272,0.941566265060241,Deformed
50,2791,295.095454429505,59.612176351445505,1.4158193358823288,5.233776858888122,0.4027584500873934,0.8754705144291092,Deformed
51,1281,161.53910524340094,40.38588685179197,0.23833463971065946,2.734223761853575,0.6168842010652988,0.9432989690721649,Small
52,1364,208.12489168102786,41.6737176049697,1.3999234180305835,3.471156955181843,0.39570923392446816,0.844059405940594,Deformed
53,1408,159.49747468305833,42.34053942720982,1.442663100602774,2.421953614488974,0.6955124304508231,0.9637234770704997,Small
54,1174,136.3259018078045,38.66242653428625,1.5030886368640404,1.821140066136031,0.793818475232864,0.9638752052545156,Small
55,2371,273.82337649086287,54.94407120488134,-1.447051987289942,4.42232479592305,0.39737484836435183,0.8510409188801149,Deformed
56,1142,138.3259018078045,38.13187066074199,-1.4671495006768698,1.9601163243776059,0.750013269972827,0.9485049833887044,Small
57,1310,150.9116882454314,40.84046772017998,-1.5679065090583384,2.158302254308361,0.722828727599504,0.9424460431654677,Small
58,2451,250.20815280171308,55.86331644420947,-1.1908499502162257,3.678588289016298,0.4919831875185631,0.9224689499435453,Deformed
59,1287,151.25483399593904,40.48035689163516,-1.54197192997018,2.50650409109395,0.706919374247444,0.9583023082650782,Small
60,1419,162.5096679918781,42.505610382385946,0.07030233542131055,1.8606560341995249,0.6752022073407266,0.9055520102105935,Small
61,913,162.2253967444162,34.09498063268556,1.2424775719665173,2.5764543574319747,0.4359562935845608,0.8247515808491418,Small
62,1235,178.5685424949238,39.65414023463283,1.4470324843213296,4.2166289761612035,0.4867062395389097,0.9094256259204713,Deformed
63,1166,142.81118318204307,38.530472475187736,1.4028787449055207,2.2162309829881637,0.71842920714292,0.9410815173527038,Small
64,3388,482.5401512639275,65.67903453586031,1.4363291903995308,8.89466059127339,0.18284637455648786,0.6615895332942785,Elongated
65,754,109.08326112068522,30.984231743425763,0.007121723789287806,1.8048289267455582,0.7962784893951937,0.9544303797468354,Small
66,615,92.76955262170048,27.982893345973448,-1.561467980451558,1.4392916432195413,0.897995282854578,0.9639498432601881,Small
67,946,124.32590180780453,34.70568554746418,1.4210351822712473,2.03193546506796,0.7690910619772137,0.9565217391304348,Small
68,384,72.04163056034263,22.111625566165472,-1.1740261760655177,1.155877688214134,0.9297667704582101,0.9672544080604534,Small
69,1542,183.29646455628162,44.30954048488453,1.4121266748079753,2.9219988604490426,0.5767479520752351,0.9001751313485113,Deformed
70,2627,228.49242404917499,57.834248365646395,0.8406505653379044,2.6867563458350623,0.6323045786873143,0.9429289303661162,Deformed
71,1141,146.5685424949238,38.11517178949638,-1.364874340674441,2.6240421839437897,0.6674426733812029,0.9564124056999161,Small
72,1474,171.98275605729688,43.32153147038583,1.449569420717395,2.917519868976652,0.6262352918699725,0.9430582213691618,Small
73,1371,169.88225099390854,41.780514786583325,-1.4734511145445468,2.8092667581978774,0.5969683481490653,0.9301221166892809,Small
74,794,107.25483399593904,31.79547449747714,1.4551420865623075,1.283850309650953,0.8673544607577586,0.9589371980676329,Small
75,1867,187.05382386916236,48.75590456570926,-0.13563027516075077,2.459208404569328,0.6705343033468435,0.9535240040858018,Deformed
76,1566,181.53910524340097,44.653030435293694,0.11351341817823893,2.8854651668641202,0.5971194814104618,0.925531914893617,Deformed
77,991,127.29646455628165,35.52154823248202,-0.6347646289218268,1.8937885139679027,0.7685123207042678,0.951969260326609,Small
78,2616,296.8711037056153,57.71303708025757,-1.1432339351772496,5.380607626016874,0.37300250589672135,0.9208025343189018,Deformed
79,2214,240.49242404917499,53.09380709690773,-1.0075598989014645,3.7940975540373167,0.4810438656815707,0.8827751196172249,Deformed
80,826,111.49747468305833,32.429860683500394,1.509470504128719,1.555069239305436,0.8349488081359905,0.9615832363213038,Small
81,844,123.05382386916239,32.78130832893156,1.27029311955166,1.9425926066795292,0.700425716328882,0.9377777777777778,Small
82,986,137.09545442950497,35.43182455235505,-0.6694232435802393,2.4410289771452356,0.6592356242711289,0.941738299904489,Small
83,2721,265.7228714274745,58.859874288214186,-1.2836753955467668,4.0028109558292915,0.4842621570261293,0.9560787069571328,Deformed
84,696,104.32590180780451,29.768686956862464,-0.3443743353429453,1.5717320134647796,0.8035905272456529,0.9392712550607287,Small
85,1111,129.1543289325507,37.61075822422045,1.2536693560643262,1.6237439262017688,0.8369624780124972,0.9703056768558952,Small
86,1965,214.8528137423857,50.01915338552418,-1.2914727128499235,3.5855712662255255,0.5349218371099366,0.9361600762267747,Deformed
87,1237,139.25483399593904,39.686235861283144,-1.4978745720467792,1.760833353023084,0.8016023908377243,0.9596586501163693,Small
88,976,123.59797974644667,35.25169209643019,0.11514147489982463,1.7476392894064472,0.8028546692091448,0.9711442786069652,Small
89,1615,193.82337649086284,45.34624421875849,-1.0829641887815238,3.333678091737386,0.5402192813942502,0.9113995485327314,Deformed
90,587,93.25483399593904,27.33846397952051,1.1724755718980733,1.472444206172615,0.8482136528908576,0.952922077922078,Small
91,939,126.66904755831213,34.57704343211429,-1.5530396275575018,1.9223721565191036,0.7354183230981411,0.9333996023856859,Small
92,1176,142.46803743153546,38.69534474078957,0.2815917881951214,2.2096995141368714,0.7280853663283677,0.9592169657422512,Small
93,1625,184.71067811865473,45.4864184146723,1.3375115529796813,2.8775519477007916,0.5985207671287736,0.9333716255025847,Deformed
94,897,169.0538238691624,33.79490896018868,-1.4094771709405933,1.9637182005390745,0.3944139888196138,0.7854640980735552,Small
95,2136,264.8944443027283,52.150164597576364,-1.2550910299583917,5.292580026214675,0.3825299227178679,0.9163449163449163,Deformed
96,1899,246.93607486307093,49.17196249339733,-1.143619969011122,5.268808364234358,0.3913503689234323,0.8970240906943788,Deformed
97,499,85.01219330881977,25.206081266687335,-0.991958281259889,1.2163312270726432,0.8676567853774512,0.9504761904761905,Small
98,1087,169.5391052434009,37.202303492218356,1.4676592804721782,2.6524175834870984,0.4752253886186635,0.8752012882447665,Small
99,2045,263.5218613006979,51.02719734595863,-1.1463524503067537,5.059103404521878,0.3700580684837819,0.8506655574043261,Deformed
100,2503,299.53910524340097,56.45279958046467,-1.4811993570824966,6.282279069610779,0.3505610469913896,0.9042630057803468,Deformed
101,787,110.95331880577405,31.655007845624887,-0.7533818138921989,1.4800498713253523,0.8033485272732035,0.9504830917874396,Small
102,2911,344.9360748630709,60.88021283408969,-1.2988831114052912,6.6546472817448645,0.3074502392194081,0.8188466947960619,Deformed
103,2831,365.48023074035524,60.03783099967258,1.3786858887037403,8.13865163157081,0.26633114275986536,0.7523252723890513,Deformed
104,1781,233.4386001800126,47.61973991081141,1.3411726013556704,4.481581317995356,0.41070353685689476,0.8896103896103896,Deformed
105,1665,204.36753236814712,46.04284789176323,-0.2595838635516689,3.9212111183520255,0.5009568272113802,0.9306875349357183,Deformed
106,3194,323.53910524340097,63.7708954452116,-1.557854833353819,5.650681335699652,0.3834345257126549,0.9194012665515257,Deformed
107,1889,193.74011537017762,49.04232355837886,-1.5416551218063956,3.012280811611159,0.6324158033308969,0.9559716599190283,Deformed
108,1123,145.0538238691624,37.813331098140345,1.3433077390526709,2.448674143311297,0.6707045556126704,0.9436974789915966,Small
109,3537,387.77564927611036,67.1077362882125,-1.5322413923266553,7.447427207193613,0.29558599726839546,0.8582868235865081,Elongated
110,1393,171.63961030678928,42.11439998166995,1.4700973828440351,2.9371925288024587,0.5941908240076254,0.9022020725388601,Small
111,1841,209.92388155425115,48.415224897313394,-1.2001149951848982,3.681195474385988,0.524976612900666,0.9509297520661157,Deformed
112,1904,206.36753236814715,49.2366539599895,1.3478364764368531,3.225902243377179,0.5618159514143242,0.9342492639842983,Deformed
113,3469,473.84776310850236,66.45952136967493,1.2818903895080902,11.004148256947374,0.1941495973880476,0.7538026944806606,Elongated
114,1037,148.46803743153546,36.33661249883324,-1.2794113887120386,2.948924299643852,0.5911840181274405,0.9367660343270099,Small
115,2107,244.16652224137044,51.794939142323436,1.2943811132570737,4.481966107527673,0.4441218751361191,0.9035162950257289,Deformed
116,1448,176.4680374315355,42.937755656025104,-1.3562687521517773,3.0538765045674223,0.5843140300685137,0.936005171299289,Deformed
117,3839,488.24978336205567,69.91399439481548,-1.5326200240583518,10.827806180712038,0.20236894034510644,0.7313774052200419,Elongated
118,1163,144.66904755831212,38.48087304787918,-1.4603248663870685,2.305315903563754,0.6982940382694134,0.9486133768352365,Small
119,965,122.81118318204308,35.0524772401243,1.4218329452984186,1.6847091825913,0.8040098076240128,0.9573412698412699,Small
120,961,132.3259018078045,34.97975417996089,1.4366783539640702,2.3145457757073906,0.6896734807499009,0.9562189054726368,Small
121,1091,134.08326112068522,37.2706901372387,1.4498676757425162,2.1350159309536427,0.7625801323046231,0.9689165186500888,Small
122,1189,145.01219330881977,38.90863424344407,1.5601104739649432,2.491918800973941,0.7105304198312282,0.967453213995118,Small
123,1150,138.26702730475878,38.26519928662906,-1.0118117472294894,1.894398829546852,0.7559106303600648,0.9480626545754328,Small
124,696,104.91168824543142,29.768686956862464,-1.2984255993886398,1.797157581459417,0.7946417009352926,0.9573590096286108,Small
125,594,92.22539674441617,27.500987065425246,1.1235818650889273,1.0619376764013395,0.8775972316761237,0.9565217391304348,Small
126,4038,379.6417023478424,71.70314694377498,-0.8364056822138668,6.417041330493309,0.3520694601483623,0.9193989071038251,Deformed
127,1833,185.4802307403552,48.30991705125929,-1.10277358802623,2.3911883800485993,0.669540841803537,0.9522077922077922,Deformed
128,1426,165.98275605729688,42.61032258493641,-1.4224560497523175,2.5824591270894492,0.6504343167354143,0.9356955380577427,Small
129,464,82.25483399593904,24.306031118985995,-0.6030328941511583,1.222577070079164,0.8617970123038331,0.9411764705882353,Small
130,1834,216.71067811865476,48.32309308233785,1.4536902796192883,3.7999899259263223,0.49073673955834735,0.9016715830875123,Deformed
131,1009,123.01219330881976,35.84269382507095,1.5413255524162337,1.6406642188867648,0.8379241474390783,0.9674017257909875,Small
132,342,68.2842712474619,20.867389014906145,-0.671426737824837,1.3116007579178994,0.9217106644140267,0.9633802816901409,Small
133,2626,291.4041122946064,57.823239657377705,-0.9530112049389172,5.09062524340333,0.3886093390061054,0.9185029730675062,Deformed
134,3030,265.50461735799473,62.11212297569246,-0.7821940354970576,3.681409443422617,0.5401424823918242,0.9625158831003812,Deformed
135,940,121.63961030678928,34.595450164018,-0.8689705843294048,1.7313606207485015,0.7983396096556021,0.9523809523809523,Small
136,1336,157.04772721475248,41.24376354997416,-1.4708057613644232,2.4900453675041656,0.6806957056779739,0.9646209386281589,Small
137,1622,175.53910524340094,45.444411554782334,1.2244619465363726,2.371948858086844,0.6614742662340107,0.931113662456946,Deformed
138,1562,184.5685424949238,44.59596583634359,1.514621299580425,3.3237422554349982,0.5762030173630316,0.9134502923976608,Deformed
139,2459,238.5096679918781,55.95441037580295,-1.3655919785382862,3.39015636851424,0.543195817160109,0.9237415477084898,Deformed
140,985,129.88225099390854,35.413852537730705,-0.9188443097023425,1.902684835004825,0.733747240474504,0.9471153846153846,Small
141,916,127.74011537017762,34.15095054280933,-0.04951790688728253,2.0386334823074224,0.705424809516099,0.9318413021363174,Small
142,788,106.42640687119285,31.675112647807715,-1.3741764902551694,1.2820020041480547,0.8742533028152186,0.9621489621489622,Small
143,1318,154.36753236814715,40.96498163017951,-0.460438426682423,2.2596199327691298,0.6950456836235092,0.9627465303140978,Small
144,1817,184.89444430272832,48.098609676203644,0.9305675353025041,2.1972460183950804,0.6679086499007436,0.9116909182137481,Deformed
145,1074,132.8528137423857,36.97917347704738,0.8527374107206359,1.7348457223740685,0.7646674988892611,0.9479258605472197,Small
146,1803,199.52186130069782,47.9129512674548,-0.9032298609395679,3.2938464367056777,0.5691472156233781,0.9434850863422292,Deformed
147,1339,154.36753236814715,41.29004420438882,-0.4268968508111336,2.012967713050068,0.7061200078694073,0.9429577464788732,Small
148,1841,266.237590053236,48.415224897313394,1.3672470855691041,5.562509307541608,0.3263810277279814,0.8487782388197326,Deformed
149,2440,202.61017305526642,55.73781919983771,-0.0892179704009627,1.980262452796461,0.7469253432999544,0.967869892899643,Normal
150,898,124.5685424949238,33.813741454801715,-0.20715587673409627,2.0276565642451625,0.7272260620863781,0.9432773109243697,Small
151,620,97.01219330881976,28.096414677602564,1.5157615812505734,1.6557019355634772,0.8278447645285218,0.9597523219814241,Small
152,919,119.1543289325507,34.20682887394876,1.3322667503598244,1.6808374872910266,0.8134029164413946,0.9694092827004219,Small
153,944,126.42640687119284,34.668979365276876,-1.387146857871721,2.069579817867398,0.7421749091982365,0.9613034623217923,Small
154,1266,160.99494936611666,40.14873925336531,-1.1156395623955953,2.735115623046404,0.6137889506429149,0.9461883408071748,Small
155,825,112.56854249492379,32.41022407214287,1.1339020504294752,1.504379894787481,0.8181439562944994,0.9515570934256056,Small
156,1303,146.50966799187808,40.73120581065477,-0.7781271388380981,2.0103504953587548,0.7628193681600332,0.9616236162361623,Small
157,791,113.29646455628166,31.735350634355903,-0.5624116546243347,1.7572185047180156,0.7743791156438522,0.9564691656590084,Small
158,1671,207.53910524340094,46.12573337360022,1.3578521006547446,3.759964240565934,0.48751326128751177,0.9166209544706527,Deformed
159,1103,136.95331880577402,37.47510130530516,-1.0915311284395177,2.0612557732198256,0.7389928805213404,0.960801393728223,Small
160,1035,132.66904755831217,36.301555459799424,-1.5340543440820404,1.9312381418084272,0.7389430880720044,0.9530386740331491,Small
161,785,108.22539674441619,31.614759885488656,-0.8215721279212671,1.6191377478674325,0.8422114620150801,0.9631901840490797,Small
162,595,93.84062043356596,27.524126309792685,1.4080200133969707,1.494405777414495,0.8490731133542765,0.9550561797752809,Small
163,940,121.39696961966999,34.595450164018,-1.0967561116266813,1.8544354420289886,0.8015341417670757,0.9631147540983607,Small
164,1136,138.2670273047588,38.03156745151513,-0.6321920914387159,2.1699361518261746,0.7467082400774203,0.9635284139100933,Small
165,4651,491.4213562373095,76.95347375241252,1.3525876923862503,9.599266891050831,0.24201826945365051,0.8773816261082814,Elongated
166,1246,162.55129855222071,39.830346128799995,-0.7984760725857682,3.2417881672208124,0.5925800412470741,0.9547892720306513,Deformed
167,934,120.32590180780451,34.484862400517734,-1.463384388746222,1.711631266316955,0.8106595246491797,0.9550102249488752,Small
168,3190,302.65180361560897,63.7309512537289,1.330689355535536,4.269741205048896,0.43763698189648065,0.907023030992323,Deformed
169,1538,175.1543289325507,44.25203294542162,-0.14450379630786353,2.8810042895231702,0.6299766443232276,0.9588528678304239,Deformed
170,905,122.22539674441619,33.94527637220416,-1.2611053687825022,1.8779997236247432,0.7612644194863196,0.9566596194503171,Small
171,1115,136.12489168102786,37.67840352748118,-0.7139524445210141,2.1287893499047343,0.756152926008692,0.9570815450643777,Small
172,785,115.29646455628165,31.614759885488656,-1.0882011620100718,2.0285325807388146,0.7420745546768112,0.9608323133414932,Small
173,800,109.9827560572969,31.915382432114615,-0.8598036745420781,1.7912311417166116,0.8310949704338438,0.9720534629404617,Small
174,1460,186.30865786510142,43.115307436145436,-1.0260426524626083,3.349734405398704,0.5285628618773803,0.8805790108564535,Deformed
175,3425,338.7594513539338,66.03669768180366,-0.9626637163658679,5.7208335735945335,0.3750486427981748,0.9221863220247711,Deformed
176,776,115.68124086713189,31.433006326383836,-0.7026555068451189,2.1935146899469857,0.7286948636375221,0.9675810473815462,Small
177,1171,154.89444430272832,38.61299660586932,-0.7633505470668123,2.7957924428072487,0.6133312276106313,0.9155590304925724,Small
178,2101,222.45079348883235,51.72113961900469,-1.0734952388534325,3.6534156288957704,0.5335412451328057,0.9300575475874281,Deformed
179,920,129.63961030678928,34.225434710991614,-1.238048178328206,2.3756422077964694,0.6878951660428869,0.9465020576131687,Small
180,1872,212.71067811865476,48.821147341538634,0.0797263922879339,3.586327248382075,0.5199207185661625,0.9369369369369369,Deformed
181,2033,218.52186130069782,50.87726402280872,1.0209870563448518,3.264925918231728,0.5350045315672439,0.9194934418815016,Deformed
182,835,108.81118318204308,32.60605802383755,0.38975807745387925,1.162272897516131,0.8862357682485291,0.964203233256351,Small
183,1040,123.98275605729691,36.38913473173784,-1.2807788861816447,1.4576931580290788,0.8501990804248585,0.9683426443202979,Small
184,1973,197.92388155425115,50.12087012176141,1.3653000502352173,2.3230044483015924,0.632907949161567,0.9096357768556939,Deformed
185,800,121.4386001800126,31.915382432114615,-0.7826629325834407,2.1205527180867065,0.6816890940990974,0.9302325581395349,Small
186,948,125.88225099390856,34.74235294865525,-1.0772483326062468,1.9953866428228033,0.7517772876235304,0.9556451612903226,Small
187,710,106.94722215136417,30.066594033278285,-0.779636658019582,1.5761530561466868,0.780062131502049,0.962059620596206,Small
188,1340,145.92388155425118,41.30545956583848,0.9144131523409171,1.8289631386184302,0.7907913601840278,0.9689081706435285,Small
189,771,111.25483399593904,31.331576548121713,-1.203277621955247,1.6773253702713955,0.7827561021907394,0.9530284301606922,Small
190,1348,142.46803743153546,41.42857596276994,0.36512722555997185,1.3990874539104003,0.834574042355986,0.9711815561959655,Small
191,1013,139.6812408671319,35.91366952591617,-0.9843972955402894,2.6373865606390945,0.6524438480152805,0.937962962962963,Small
192,1197,152.12489168102783,39.039310125154486,-0.2119612449205603,2.319366007576265,0.6499851737232772,0.9123475609756098,Small
193,1132,131.39696961967,37.96455142155909,-1.2157620936126625,1.5132221902676024,0.8239210380065564,0.9601357082273113,Small
194,697,100.32590180780451,29.790064831759068,1.2769374668462692,1.40558304708649,0.8701948279570763,0.9653739612188366,Small
195,1350,180.5685424949238,41.45929793656026,0.12774619302175474,3.605405649713484,0.5203067348470397,0.9316770186335404,Deformed
196,742,107.53910524340094,30.736683981742253,-0.7973884584572265,1.768331451501209,0.8062708005166253,0.9661458333333334,Small
197,875,112.81118318204308,33.37790589062273,1.0529143581261653,1.3848915341792272,0.8639997337462892,0.960482985729967,Small
198,2205,220.45079348883237,52.985782962423364,1.0436154277205396,2.8682803202617655,0.570157872300165,0.8959772450223487,Deformed
199,2954,344.9360748630709,61.32821222853044,1.3289032242684842,5.413127623566322,0.3119917576963695,0.7290227048371175,Deformed
200,1290,142.61017305526642,40.527509332654034,-0.9112456274297238,1.803001689489711,0.7970738486979195,0.9699248120300752,Small
201,961,124.02438661763951,34.97975417996089,-0.8011129293435342,1.895045295432674,0.7850893318490167,0.9581256231306082,Small
202,1455,154.26702730475878,43.04141653790755,1.0012332929594918,1.9046213521146618,0.7682925743169806,0.9522251308900523,Small
203,1259,148.66904755831214,40.03758967297569,1.5092152696506538,2.382373498546447,0.7158045849169472,0.9625382262996942,Small
204,1558,182.3086578651014,44.538828124428505,-0.9635831910369581,2.8856539599547832,0.5890643357487146,0.9213483146067416,Deformed
205,836,106.91168824543144,32.625576767294035,0.6691999829417636,1.279389078095448,0.9191063494556021,0.9709639953542393,Small
206,2367,243.3797256769669,54.89770489180882,1.2007227422871205,3.673562317921067,0.5021567761017869,0.8776418242491657,Deformed
207,2267,267.29646455628165,53.72554371911571,0.0965912200410418,4.954834787146104,0.3987263664876783,0.888671109368875,Deformed
208,1574,160.92388155425115,44.76694141230944,0.5194491931862427,1.5919673042959013,0.7637893408784241,0.9562575941676792,Normal
209,2087,215.93607486307093,51.54852985160959,-0.5460679870998234,3.22566627139241,0.5624473921734293,0.9538391224862889,Deformed
210,1903,187.3797256769669,49.223722468247104,-0.636117425542929,2.5694292596359967,0.6810883546126808,0.9635443037974684,Deformed
211,3671,329.78174593052023,68.36711467308521,-0.05748817964698477,4.979704777386008,0.4241710484658575,0.931962427011932,Deformed
212,1135,148.12489168102786,38.014824519842385,-1.130638700647437,2.6488106756474292,0.6500542978946308,0.9521812080536913,Small
213,1727,214.03657992645927,46.89226688653073,-1.102758543994787,3.9636145619781966,0.4737248816835612,0.9137566137566138,Deformed
214,1791,170.40916292848976,47.75324098551507,0.8546440657434383,1.8512933822004352,0.7750318738097697,0.9712581344902386,Normal
215,877,126.2670273047588,33.416030295843605,-1.0320041036757308,2.2800474286781256,0.691241088381577,0.9553376906318083,Small
216,1748,192.9116882454314,47.17650606177894,0.06663096422081717,3.2265492415718002,0.5902475714479196,0.9531079607415486,Deformed
217,1462,164.6101730552664,43.14482836218969,1.220262879747971,2.33846922139211,0.6780221684093853,0.9407979407979408,Small
218,2732,309.10259710444143,58.978728675824,-0.721494643406902,5.614702677305587,0.3593231935699923,0.8577708006279435,Deformed
219,1008,126.91168824543142,35.82492792865108,1.3808879589746308,1.6025293594956087,0.7864428229155767,0.9609151572926596,Small
220,1169,156.50966799187808,38.580008136279666,-1.1012465695462381,2.8705615395836106,0.5997110276805895,0.9352,Small
221,2769,246.00714267493643,59.376765652666414,-1.145397455823167,2.9275694142271163,0.5749596748099424,0.9460198155107619,Deformed
222,4194,382.3574311003805,73.07507544039399,0.6500685264786992,5.987744974950528,0.36049497878019293,0.8868682596743498,Deformed
223,642,99.9827560572969,28.590554169515052,-0.6681414181537034,1.6005128284736323,0.8070393002333055,0.948301329394387,Small
224,1440,162.16652224137047,42.81897878766651,0.5453157474280221,2.318395819128225,0.6880974523789928,0.9530112508272667,Small
225,1156,132.95331880577405,38.36489168124743,-1.233021371827564,1.4983660397328502,0.8218060471198165,0.9585406301824212,Small
226,908,124.8528137423857,34.00149271163735,-0.7440545861558858,2.1323255656655737,0.7319797119355178,0.9507853403141361,Small
227,1162,153.78174593052023,38.46432569254606,1.2055882012506849,2.7753178977458655,0.6174565720860675,0.881638846737481,Small
228,1007,129.63961030678928,35.80715321759479,-1.0716225164848343,1.9733774006128653,0.7529461219621598,0.956315289648623,Small
229,1856,198.20815280171308,48.61206223797199,-0.9867801443035785,3.0655521751988792,0.5936695959102373,0.9303258145363409,Deformed
230,861,122.5685424949238,33.109805919349256,-1.1753971411554638,2.1823764038789313,0.7202030759886425,0.9492833517089305,Small
231,1271,155.19595949289334,40.22794378735249,-0.2471157895030156,2.4499543661799965,0.6631237674790489,0.9463886820551005,Small
232,1407,165.48023074035524,42.32550105364819,-0.7577758904169155,2.705076355994313,0.6456716618231134,0.9716850828729282,Small
233,1803,179.3797256769669,47.9129512674548,0.8553954435960479,2.3182085625553204,0.7041397791271505,0.9683136412459721,Normal
234,1754,202.87720036002526,47.25740324505225,-0.7536894698192964,3.828843222367236,0.5355166359209235,0.9695964621337756,Deformed
235,363,70.76955262170047,21.498510523728477,0.930742494647198,1.0860071656802044,0.9108011886436068,0.9654255319148937,Small
236,3831,324.6589462905455,69.8411103568694,-0.7821006654380132,4.68072790052876,0.4567381268447679,0.9327976625273923,Deformed
237,1929,216.22539674441617,49.5588446374018,-1.457611879363205,3.804965821516438,0.5184760339641833,0.9493110236220472,Deformed
238,1676,179.9827560572969,46.19469100422832,0.1119998987704016,2.6677921927290784,0.650162748433431,0.9577142857142857,Deformed
239,2127,218.8355697996826,52.04018170271594,0.6426393617543351,3.3179788491637128,0.5581379149220181,0.9415670650730412,Deformed
240,727,105.9827560572969,30.424416987387996,-0.4758331836902751,1.5043390993385568,0.8133432312685244,0.9515706806282722,Small
241,620,94.3259018078045,28.096414677602564,0.68392755434425,1.3218232502237985,0.8756682867167679,0.9597523219814241,Small
242,1539,222.4863273947651,44.266416834293416,-0.4817794023166091,4.707317259680618,0.3906985771182288,0.8844827586206897,Deformed
243,4184,400.63455967290594,72.98790485533833,-1.2127550236893896,6.564839049978759,0.3275704521862983,0.8780692549842603,Deformed
244,1507,164.12489168102783,43.803789720934994,-0.15531962072043304,2.0599323804278766,0.7030305723623377,0.9383561643835616,Normal
245,543,91.01219330881975,26.29389801439097,-0.6583168984990616,1.2759065439605988,0.8237786506699298,0.945993031358885,Small
246,1805,231.04877323527904,47.93951791838304,0.920949772809278,4.390667036671507,0.4248931566303114,0.8957816377171216,Deformed
247,1148,147.8528137423857,38.231910720705116,-0.5389866472025342,2.375384685135775,0.6599219354963547,0.9303079416531604,Small
248,703,102.5685424949238,29.918011296689148,-0.63766976688662,1.496826389749495,0.8397244926014378,0.9656593406593407,Small
249,1124,153.48023074035524,37.83016320718592,-0.9011294674926762,3.0609127727750343,0.5996133428317731,0.951735817104149,Deformed
250,1342,166.75230867899737,41.3362730423848,-0.5014364934778545,2.907409456869105,0.6064830518346942,0.9633883704235463,Small
251,3117,322.79393923934,62.99752106979688,0.24518215143659242,4.853972161416915,0.3759204246644455,0.7937356760886173,Deformed
252,1337,170.66904755831214,41.25919620291836,0.08427319522240939,2.924190591713961,0.5768086194524072,0.9389044943820225,Small
253,1825,210.0243866176395,48.20437914901168,-1.2885275403855123,3.760367473266441,0.5199161198151447,0.958005249343832,Deformed
254,2745,267.8183258569795,59.11888488713248,-0.7695991045925608,4.194503591804249,0.48091866289713686,0.9276782696857047,Deformed
255,1339,172.66904755831212,41.29004420438882,0.10744257368938508,3.4203219740106903,0.5643667955050466,0.9436222692036645,Deformed
256,952,130.02438661763952,34.815571898044055,-0.49613566126471725,2.092171854590087,0.7076152517736728,0.945382323733863,Small
257,1439,152.75230867899737,42.804108504603846,-0.7229926162836021,1.9718257268518493,0.7749882041306304,0.9722972972972973,Small
258,2119,229.63961030678928,51.9422236267741,-0.016328754139346646,3.6476389516549372,0.5049486533506666,0.9043960734101579,Deformed
259,3281,381.4568901432422,64.63357445071462,-1.543418147498344,5.364536212227007,0.28335127209937694,0.6430811446491572,Deformed
260,888,116.91168824543142,33.62494186946387,0.45246376577852865,1.6742603090893307,0.8164074628007806,0.9662676822633297,Small
261,2597,270.12489168102786,57.50307033261109,0.05487885434447281,4.731427510077421,0.44725232014351274,0.9045628700801115,Deformed
262,873,128.61017305526642,33.33973788969849,-0.8057524096427088,2.2565439287537385,0.6632442025939236,0.9437837837837838,Small
263,888,135.68124086713192,33.62494186946387,-0.9186559524430573,2.8050465836047556,0.6061543362086755,0.9357218124341412,Small
264,2011,229.39191898578665,50.6012324401532,-0.6781764004037757,4.052302004404169,0.4802481555584297,0.9357840856212192,Deformed
265,1871,229.22034611053283,48.80810576327963,-0.7036938013410434,4.701193861883952,0.4474838063767223,0.9149144254278728,Deformed
266,1607,168.36753236814712,45.23379210711176,-1.06848498086614,2.068477175287252,0.7123756186428308,0.9514505624629959,Normal
267,1510,169.88225099390857,43.847368365160705,1.386119065302587,2.4449856411033712,0.657492491396855,0.9344059405940595,Deformed
268,856,120.36753236814712,33.01352829210018,-0.9020489485711024,1.7880251573410346,0.7424460725735541,0.9521690767519466,Small
269,861,122.78174593052024,33.109805919349256,-1.0615198658186091,2.0240919958128503,0.7177040651821783,0.9368879216539717,Small
270,947,133.09545442950497,34.72402408800281,-0.6888645709056301,2.3863157951078313,0.6717897856350081,0.941351888667992,Small
271,1333,155.49747468305833,41.197430904511165,0.028595260522196405,2.2658075059255047,0.6927767956537757,0.9562410329985653,Small
272,1407,148.08326112068522,42.32550105364819,-1.4871034737084776,1.8959629941971246,0.8062913887129765,0.9804878048780488,Small
273,990,131.98275605729688,35.50362163621919,-1.5401152578015171,2.020005025326198,0.7141849145936224,0.9295774647887324,Small
274,1537,213.82337649086284,44.23764437962249,-1.2452524494593407,4.479417242058305,0.42244810380181236,0.8673814898419865,Deformed
275,674,104.71067811865476,29.294426998176625,-1.0494495987660508,1.8200806562480576,0.7724810177577057,0.9601139601139601,Small
276,2287,258.2497833620557,53.9620129239942,-1.139465178016993,4.543016561630663,0.4309194500118197,0.924040404040404,Deformed
277,1338,162.91168824543144,41.274623085567335,1.5134233899729284,2.743814003355307,0.633521690599122,0.9350104821802935,Small
278,563,97.15432893255071,26.77375326109316,-0.5779558203424419,1.8608377087330603,0.7495385015731514,0.9352159468438538,Small
279,3137,312.00714267493646,63.199307368310656,-1.233077197862883,4.965316655535772,0.4049443185810026,0.9169833382052032,Deformed
280,1473,175.45079348883237,43.30683374936218,-0.7730205342617218,2.821026032392553,0.6013148614008127,0.9316888045540797,Small
281,911,129.78174593052023,34.05761625912379,-0.9132958311849041,2.2376100521770517,0.6796745624662599,0.928644240570846,Small
282,840,112.66904755831214,32.703535245865034,-1.5052602297476014,1.6636110611258852,0.8315337941969212,0.9666283084004603,Small
283,168,48.97056274847714,14.625465582862905,-0.7230759549411717,1.3057482998917056,0.8803370017183277,0.9385474860335196,Small
284,2019,194.08326112068525,50.70178143635876,1.5551634725134176,2.5975893236090273,0.6735502802425162,0.9523584905660377,Deformed
285,1152,139.61017305526642,38.298458918537534,-0.6422840900416936,2.041764612253588,0.7427252904114648,0.9624060150375939,Small
286,1537,236.45079348883235,44.23764437962249,-1.18155553336405,5.630184151555458,0.3454635089837075,0.8491712707182321,Deformed
287,1426,190.12489168102783,42.61032258493641,-1.2914739183874053,3.907265515995648,0.49573710958548856,0.9356955380577427,Deformed
288,211,53.94112549695428,16.39065416446578,0.12196198748613828,1.1264763884379172,0.9112809918444299,0.9461883408071748,Small
289,1645,180.46803743153546,45.76547881416016,-0.196973416914805,2.661989696980791,0.6347097582931199,0.9341283361726291,Deformed
290,2387,246.79393923934,55.12914649514206,-1.179058044114642,3.970180925108165,0.4924853350324724,0.9048521607278242,Deformed
291,1163,149.095454429505,38.48087304787918,-0.9712607896467036,2.51355432270085,0.6574470373874195,0.9230158730158731,Small
292,1068,151.0538238691624,36.875735026940866,-0.2844422510743384,2.8210862540920423,0.5881900441043335,0.928695652173913,Small
293,1647,172.71067811865476,45.79329132284349,-0.23571621663461537,2.3624180637937604,0.6938491881476326,0.9693937610359035,Deformed
294,3163,356.8599564173221,63.4606703399619,-0.5623890774183813,5.731603566428215,0.31211412229215973,0.7314986123959297,Deformed
295,1165,168.5096679918781,38.51394643004615,-1.0735047998268903,3.70768517312855,0.5155682250567053,0.8975346687211094,Deformed
296,787,116.12489168102785,31.655007845624887,-0.6372105636420515,1.827720431371774,0.7333882583766076,0.9280660377358491,Small
297,1608,193.90663761154806,45.247863904654565,-0.7654447002961028,3.748358021120972,0.5374159566680639,0.9594272076372315,Deformed
298,1160,142.36753236814715,38.43120960746342,-0.9798362064874733,2.1065837195244446,0.7191938055551431,0.9515996718621821,Small
299,2090,218.88225099390854,51.585566280661205,-0.11328246893422853,3.363950189328257,0.548194983985656,0.9393258426966292,Deformed
300,381,73.35533905932738,22.025082668269306,-0.9152968105483164,1.2757533954765035,0.8897569357926145,0.9596977329974811,Small
301,2154,198.06601717798213,52.36943745506095,0.5193311524826129,2.3297864700680173,0.6899786073301353,0.9569080408707241,Deformed
302,1082,143.29646455628165,37.116642997494345,-1.1949086216529505,2.5533458582641635,0.6621649271304632,0.9408695652173913,Small
303,1899,189.4802307403552,49.17196249339733,-1.0373418144192452,2.4843131696020047,0.6646714411765478,0.9509263895843766,Deformed
304,1642,179.29646455628168,45.723728330650566,-1.3821738421853633,2.6037067257275845,0.6418588958908205,0.9415137614678899,Deformed
305,1432,157.01219330881977,42.69987152276635,0.0006626547356040772,2.2636890532851757,0.7299382489113606,0.9728260869565217,Small
306,626,98.42640687119287,28.2320377409108,-1.2944033869436997,1.6845250793410913,0.812009172204655,0.9513677811550152,Small
307,741,101.7401153701776,30.71596494738128,0.6089380535956675,1.4134628085780316,0.8995879314369072,0.9711664482306684,Small
308,818,109.7401153701776,32.27243324562564,1.0239612337823119,1.4300628949017182,0.8535566354018287,0.9544924154025671,Small
309,1688,204.30865786510142,46.35977083110911,-0.41730012319260085,3.676827058760093,0.5081696979443397,0.8945416004239534,Deformed
310,820,113.74011537017762,32.31186201200472,-1.0672674557227415,1.6021883457447033,0.7965194543027341,0.9523809523809523,Small
311,1906,186.3259018078045,49.262506759859676,-1.4824763442201596,2.6045874038504886,0.6899002408835878,0.9670218163368848,Deformed
312,3152,385.86605307173204,63.35022529561543,-1.0214524877770828,7.428818453076807,0.2660252912050996,0.728449272012942,Elongated
313,365,69.59797974644665,21.557653718072718,-0.6731984758328787,1.2322013366750344,0.9469116544878571,0.9681697612732095,Small
314,2130,220.49242404917496,52.07686847618525,-0.6574258252592085,3.50359627979686,0.5505567903104507,0.9412284577993814,Deformed
315,2234,227.68124086713186,53.333077381099564,-1.3032452503321186,3.469572595900711,0.5415499667204868,0.9604471195184867,Deformed
316,2080,207.88225099390857,51.46200786064549,0.13064736236781763,3.033681778292748,0.6048370372424667,0.9289861545332738,Round
317,993,129.91168824543144,35.55737431141417,-0.2385936048312334,2.0583147725334063,0.7393714202633392,0.9548076923076924,Small
318,1312,153.92388155425118,40.87163175960233,-0.6172730951444995,2.3775553161880785,0.6958757235412416,0.9632892804698973,Small
319,1537,174.69343417595167,44.23764437962249,-0.823390519417576,2.8990701774539698,0.6328933999556644,0.9636363636363636,Deformed
320,2420,252.77669529663686,55.50891548444353,-0.7929180978239323,4.175817482707354,0.47593886052607,0.8618233618233618,Deformed
321,1052,143.05382386916236,36.59846992787254,-1.1791995948379301,2.3490402538392243,0.6459912888741846,0.9334516415261757,Small
322,833,114.46803743153546,32.56698544176895,-0.8507404661277698,1.854541068995102,0.7988889087242099,0.9607843137254902,Small
323,1266,158.06601717798213,40.14873925336531,-0.7678246885709342,2.8176933187254427,0.6367464741943234,0.9497374343585896,Small
324,1907,231.22034611053283,49.275428073330374,-0.9095561588811748,3.907272072806461,0.448237784815018,0.9445269935611689,Deformed
325,747,106.56854249492379,30.8400703617415,-1.0511949406842325,1.5617366186203885,0.8265562490023045,0.9601542416452442,Small
326,3373,298.747258045114,65.53347987396751,0.8917300135066194,4.127524049452813,0.4749176928402647,0.9230979748221128,Deformed
327,1161,140.8111831820431,38.44777121547521,0.14171914735706861,2.115677339681822,0.7358135622590717,0.9602977667493796,Small
328,699,105.63961030678928,29.83277462405867,-0.8534265734796663,1.7669802774520833,0.7871064274464376,0.9588477366255144,Small
329,1078,155.58073580374358,37.04797199880859,-0.9904240579956745,3.4872089170303555,0.5596506115314278,0.9456140350877194,Deformed
330,990,122.22539674441619,35.50362163621919,1.2175435131744579,1.4352662474489641,0.8327643925872448,0.9583736689254598,Small
331,819,112.63961030678928,32.29215364663835,-0.5795923828565548,1.7354848821673796,0.8111692653732426,0.9578947368421052,Small
332,2164,210.12489168102786,52.49085991681687,-1.4814384835419772,2.79461081590855,0.6159027104359446,0.9466316710411199,Deformed
333,700,102.66904755831214,29.854106607209232,-1.0921690526204244,1.738085789735459,0.8345047973988419,0.9722222222222222,Small
334,1971,224.2497833620557,50.09546030004122,-1.0506581563895567,3.9766158114391654,0.49252969998809665,0.9319148936170213,Deformed
335,1185,146.16652224137047,38.8431314457417,-0.5435210794020903,2.1414825547088916,0.6969993717563121,0.9375,Small
336,1476,164.12489168102783,43.35091196306141,-1.5199274386162613,2.0981135522558585,0.6885687623137429,0.9383343928798474,Small
337,894,125.1543289325507,33.73834840345975,-1.3446811746628564,1.9553965457149927,0.7172253498317225,0.946031746031746,Small
338,855,116.08326112068524,32.99423905394037,-0.37440960697883036,1.717713313087281,0.7973275643719954,0.9595959595959596,Small
339,1654,177.9594154601839,45.890502361512226,-1.2683635444084562,1.908058070815074,0.6563015472486662,0.8930885529157667,Deformed
340,958,191.81727983645297,34.92511251028815,-1.2094372468767942,4.046324573942347,0.3271899212242343,0.7409126063418406,Deformed
341,1392,139.05382386916236,42.099280828433955,-1.1524134074012347,1.197891669028441,0.9046554982631411,0.9768421052631578,Small
342,1113,140.50966799187808,37.64459607022283,-0.8536543602235513,2.177930235732623,0.7084229354200776,0.9520958083832335,Small
343,2065,210.36753236814712,51.27611198090307,-1.3246170230801815,2.7181576487966113,0.5863710152818502,0.9222867351496203,Deformed
344,1813,199.0538238691624,48.04563762304389,-1.4606675342122715,3.0872091421888754,0.5749983763132853,0.9330931549150798,Deformed
345,1528,190.65180361560905,44.10793607000138,-1.0807802749358493,3.5398349665354805,0.5282644457036965,0.9443757725587144,Deformed
346,884,149.15432893255073,33.549124542167775,-1.4664889382713595,3.4842569983507063,0.49933315560131314,0.8866599799398195,Deformed
347,1467,191.98275605729688,43.21854245721949,-1.4305570468574689,3.69530730674936,0.5001675751184108,0.9077970297029703,Deformed
